DateTime,vuser,Tests,Errors,Mean_Test_Time_(ms),Test_Time_Standard_Deviation_(ms),TPS,Mean_response_length,Response_bytes_per_second,Response_errors,Mean_time_to_resolve_host,Mean_time_to_establish_connection,Mean_time_to_first_byte
2025-10-23 15:03:52,3,6,0,1061.667,96.131,3,116,348,0,0,17.667,43.5
2025-10-23 15:03:54,3,9,0,990.667,84.619,4.5,116,522,0,0,1.889,9.778
2025-10-23 15:03:56,3,3,0,991.333,10.339,1.5,116,174,0,0,2.333,9
2025-10-23 15:03:58,3,6,0,999.667,39.622,3,116,348,0,0,2.333,10.833
2025-10-23 15:04:00,3,6,0,1053.167,57.363,3,116,348,0,0,2,10.5
2025-10-23 15:04:02,3,6,0,1006.833,30.569,3,116,348,0,0,2,10.333
2025-10-23 15:04:04,3,6,0,1045.167,45.809,3,116,348,0,0,2.833,11.333
2025-10-23 15:04:06,3,6,0,1013,19.553,3,116,348,0,0,2,10.833
2025-10-23 15:04:08,3,6,0,939.333,48.866,3,116,348,0,0,2,10.167
2025-10-23 15:04:10,4,6,0,1023,36.442,3,116,348,0,0,2.5,12
2025-10-23 15:04:12,6,10,0,1007.7,47.373,5,116,580,0,0,2.2,11.2
2025-10-23 15:04:14,6,13,0,1036.154,73.51,6.5,116,754,0,0,1.769,10.538
2025-10-23 15:04:16,6,11,0,1058.727,40.623,5.5,116,638,0,0,1.818,10.364
2025-10-23 15:04:18,6,7,0,996.286,45.662,3.5,116,406,0,0,2,9.429
2025-10-23 15:04:20,6,12,0,1010.833,48.464,6,116,696,0,0,1.75,10.083
2025-10-23 15:04:22,6,12,0,1001,53.232,6,116,696,0,0,2.167,12.083
2025-10-23 15:04:24,6,12,0,1049.583,63.873,6,116,696,0,0,1.75,9.333
2025-10-23 15:04:26,6,12,0,1025.833,60.396,6,116,696,0,0,1.75,9.25
2025-10-23 15:04:28,6,12,0,1045.083,68.629,6,116,696,0,0,2,10.25
2025-10-23 15:04:30,6,12,0,1039.333,59.669,6,116,696,0,0,1.75,10.583
2025-10-23 15:04:32,9,15,0,1024.6,58.55,7.5,116,870,0,0,2.2,9.6
2025-10-23 15:04:34,9,17,0,997.941,75.838,8.5,116,986,0,0,1.706,9.353
2025-10-23 15:04:36,9,17,0,1019.588,64.809,8.5,116,986,0,0,1.471,7.471
2025-10-23 15:04:38,9,18,0,1026.611,63.226,9,116,1044,0,0,1.333,8.222
2025-10-23 15:04:40,9,17,0,1012.824,74.061,8.5,116,986,0,0,1.765,8.824
2025-10-23 15:04:42,9,18,0,1031.778,63.107,9,116,1044,0,0,1.444,6.833
2025-10-23 15:04:44,9,18,0,1015.556,68.251,9,116,1044,0,0,1.278,7.111
2025-10-23 15:04:46,9,18,0,1017.222,61.433,9,116,1044,0,0,1.5,7.556
2025-10-23 15:04:48,9,18,0,992.611,60.198,9,116,1044,0,0,1.667,7.944
2025-10-23 15:04:50,9,18,0,1007.778,50.947,9,116,1044,0,0,1.833,7.778
2025-10-23 15:04:52,10,8,0,962.125,49.149,4,116,464,0,0,1.625,8.125
2025-10-23 15:04:54,12,25,0,1023.44,67.387,12.5,116,1450,0,0,1.52,8.24
2025-10-23 15:04:56,12,23,0,1011.435,77.598,11.5,116,1334,0,0,1.565,9.087
2025-10-23 15:04:58,12,24,0,1018.583,70.004,12,116,1392,0,0,1.417,7.042
2025-10-23 15:05:00,12,25,0,986.12,78.93,12.5,116,1450,0,0,1.52,7.28
2025-10-23 15:05:02,12,23,0,1016.217,76.019,11.5,116,1334,0,0,1.522,7.565
2025-10-23 15:05:04,12,25,0,1025.52,64.511,12.5,116,1450,0,0,1.48,7.44
2025-10-23 15:05:06,12,23,0,1025.478,64.274,11.5,116,1334,0,0,1.348,7.696
2025-10-23 15:05:08,12,22,0,1008.455,61.79,11,116,1276,0,0,1.5,7.682
2025-10-23 15:05:10,12,24,0,994.125,58.283,12,116,1392,0,0,1.625,7.792
2025-10-23 15:05:12,13,24,0,1022.458,68.591,12,116,1392,0,0,1.5,7.458
2025-10-23 15:05:14,15,30,0,1042.933,64.919,15,116,1740,0,0,1.467,7.2
2025-10-23 15:05:16,15,28,0,1010.143,54.444,14,116,1624,0,0,1.25,6.536
2025-10-23 15:05:18,15,31,0,989.774,47.51,15.5,116,1798,0,0,1.452,7.355
2025-10-23 15:05:20,15,30,0,993.5,67.114,15,116,1740,0,0,1.267,6.367
2025-10-23 15:05:22,15,30,0,1009.6,66.085,15,116,1740,0,0,1.333,6.733
2025-10-23 15:05:26,15,29,0,1001.31,62.656,14.5,116,1682,0,0,1.31,7.276
2025-10-23 15:05:28,15,29,0,1003.586,61.653,14.5,116,1682,0,0,1.172,6.207
2025-10-23 15:05:30,15,30,0,1025.5,53.7,15,115.9,1738.5,0,0,1.3,6.233
2025-10-23 15:05:32,15,30,0,1003.733,70.801,15,116,1740,0,0,1.167,6.433
2025-10-23 15:05:34,18,29,0,1006.655,80.648,14.5,116,1682,0,0,1.379,6.517
2025-10-23 15:05:36,18,35,0,1014.514,67.896,17.5,116,2030,0,0,1.343,6.514
2025-10-23 15:05:38,18,36,0,1037.5,71.015,18,116,2088,0,0,1.25,6.278
2025-10-23 15:05:40,18,37,0,1003.081,70.809,18.5,116,2146,0,0,1.297,6.676
2025-10-23 15:05:42,18,36,0,1019.639,60.824,18,116,2088,0,0,1.25,7.167
2025-10-23 15:05:44,18,36,0,1016.611,63.381,18,116,2088,0,0,1.333,6.278
2025-10-23 15:05:46,18,34,0,1006.5,60.1,17,116,1972,0,0,1.471,6.853
2025-10-23 15:05:48,18,36,0,1002.056,62.039,18,116,2088,0,0,1.361,6.667
2025-10-23 15:05:50,18,35,0,1002.8,59.943,17.5,116,2030,0,0,1.4,6.629
2025-10-23 15:05:52,18,35,0,1009.457,79.511,17.5,116,2030,0,0,1.371,6.343
2025-10-23 15:05:54,21,36,0,997.139,57.978,18,116,2088,0,0,1.444,7.194
2025-10-23 15:05:56,21,42,0,1022.929,63.015,21,116,2436,0,0,1.286,6.357
2025-10-23 15:05:58,21,42,0,988.976,73.78,21,116,2436,0,0,1.405,7.286
2025-10-23 15:06:00,21,11,0,1016.909,50.19,5.5,116,638,0,0,1.455,8.364
2025-10-23 15:06:02,21,41,0,1004.927,70.964,20.5,116,2378,0,0,1.659,8.683
2025-10-23 15:06:04,21,44,0,994.682,68.04,22,116,2552,0,0,1.523,7.909
2025-10-23 15:06:06,21,40,0,1015.575,67.848,20,116,2320,0,0,1.3,6.225
2025-10-23 15:06:08,21,41,0,1005.268,58.037,20.5,116,2378,0,0,1.341,5.951
2025-10-23 15:06:10,21,40,0,1016.3,52.233,20,116,2320,0,0,1.375,6.075
2025-10-23 15:06:12,21,43,0,999.442,63.53,21.5,116,2494,0,0,1.395,5.93
2025-10-23 15:06:14,21,43,0,1006.372,66.124,21.5,116,2494,0,0,1.465,5.837
2025-10-23 15:06:16,24,44,0,1005.795,61.241,22,116,2552,0,0,1.159,5.75
2025-10-23 15:06:18,24,47,0,1018.362,62.376,23.5,116,2726,0,0,1.255,5.34
2025-10-23 15:06:20,24,46,0,1008.957,57.539,23,116,2668,0,0,1.304,5.826
2025-10-23 15:06:22,24,48,0,1011.542,68.276,24,116,2784,0,0,1.375,6.479
2025-10-23 15:06:24,24,48,0,999.625,59.636,24,116,2784,0,0,1.479,6.625
2025-10-23 15:06:26,24,47,0,1022.766,65.679,23.5,116,2726,0,0,1.66,6.553
2025-10-23 15:06:28,24,48,0,998.417,58.767,24,116,2784,0,0,1.396,5.833
2025-10-23 15:06:30,24,46,0,1012.761,56.242,23,116,2668,0,0,1.37,6.087
2025-10-23 15:06:32,24,48,0,1014.875,60.353,24,116,2784,0,0,1.5,6.5
2025-10-23 15:06:34,24,23,0,1005,67.575,11.5,116,1334,0,0,1.261,59.217
2025-10-23 15:06:36,25,47,0,1009.936,76.419,23.5,116,2726,0,0,1.17,5.511
2025-10-23 15:06:38,27,57,0,991.614,68.035,28.5,116,3306,0,0,1.298,5.544
2025-10-23 15:06:40,27,55,0,1002.764,75.047,27.5,116,3190,0,0,1.364,5.727
2025-10-23 15:06:42,27,53,0,994.925,65.248,26.5,116,3074,0,0,1.358,5.83
2025-10-23 15:06:44,27,52,0,1018.346,61.831,26,116,3016,0,0,1.423,6.404
2025-10-23 15:06:46,27,55,0,1004.2,67.002,27.5,116,3190,0,0,1.327,5.873
2025-10-23 15:06:48,27,53,0,1014.057,50.254,26.5,116,3074,0,0,1.434,6.132
2025-10-23 15:06:50,27,54,0,991.019,68.618,27,116,3132,0,0,1.167,5.185
2025-10-23 15:06:52,27,52,0,1020.212,60.513,26,116,3016,0,0,1.231,5.308
2025-10-23 15:06:54,27,54,0,1005.63,59.473,27,116,3132,0,0,1.315,5.944
2025-10-23 15:06:56,28,55,0,989.727,63.11,27.5,116,3190,0,0,1.2,5.382
2025-10-23 15:06:58,30,58,0,1005.103,66.053,29,116,3364,0,0,1.276,5.534
2025-10-23 15:07:00,30,60,0,985.95,66.498,30,116,3480,0,0,1.2,5.75
2025-10-23 15:07:02,30,62,0,1001.79,59.792,31,116,3596,0,0,1.274,5.661
2025-10-23 15:07:04,30,59,0,1006.22,63.362,29.5,116,3422,0,0,1.237,5.644
2025-10-23 15:07:07,30,59,0,998.542,57.086,29.5,116,3422,0,0,1.22,5.441
2025-10-23 15:07:09,30,60,0,1005.4,67.328,30,116,3480,0,0,1.283,5.817
2025-10-23 15:07:11,30,60,0,1008.65,69.168,30,116,3480,0,0,1.333,5.9
2025-10-23 15:07:13,30,58,0,1000.776,76.998,29,116,3364,0,0,1.172,5.621
2025-10-23 15:07:15,30,59,0,1019.593,67.623,29.5,116,3422,0,0,1.254,6
2025-10-23 15:07:17,30,62,0,1003.065,61.977,31,116,3596,0,0,1.242,6.032
2025-10-23 15:07:19,33,64,0,1003.938,62.535,32,116,3712,0,0,0.953,4.891
2025-10-23 15:07:21,33,68,0,998.691,57.766,34,116,3944,0,0,1.191,5.515
2025-10-23 15:07:23,33,67,0,994.657,68.901,33.5,116,3886,0,0,1.119,5.582
2025-10-23 15:07:25,33,65,0,1011.062,54.644,32.5,116,3770,0,0,0.969,4.446
2025-10-23 15:07:27,33,66,0,1003.758,65.523,33,116,3828,0,0,1.136,4.985
2025-10-23 15:07:29,33,66,0,1003.227,58.885,33,116,3828,0,0,1.182,5.485
2025-10-23 15:07:31,33,66,0,991.561,58.422,33,116,3828,0,0,0.909,4.515
2025-10-23 15:07:33,33,66,0,1004.273,71.158,33,116,3828,0,0,1.197,5.909
2025-10-23 15:07:35,33,63,0,1009.175,61.432,31.5,116,3654,0,0,1.159,5.968
2025-10-23 15:07:37,35,65,0,1007.738,64.701,32.5,116,3770,0,0,1.215,5.738
2025-10-23 15:07:39,36,71,0,1008.873,63.039,35.5,116,4118,0,0,1.169,5.394
2025-10-23 15:07:41,36,15,0,1016.867,57.39,7.5,116,870,0,0,1.2,5.2
2025-10-23 15:07:43,36,72,0,1003.681,71.467,36,116,4176,0,0,1.222,5.514
2025-10-23 15:07:45,36,72,0,1008.556,61.922,36,116,4176,0,0,1.361,6.097
2025-10-23 15:07:47,36,71,0,1004.31,63.172,35.5,116,4118,0,0,1.197,5.606
2025-10-23 15:07:49,36,72,0,1007.528,68.971,36,116,4176,0,0,1.194,5.028
2025-10-23 15:07:51,36,70,0,1020.557,68.816,35,116,4060,0,0,1.1,5.443
2025-10-23 15:07:53,36,72,0,1002.111,65.715,36,116,4176,0,0,1.167,5.375
2025-10-23 15:07:55,36,72,0,1010.264,73.792,36,116,4176,0,0,1.222,5.458
2025-10-23 15:07:57,36,71,0,1008.099,65.102,35.5,116,4118,0,0,1.197,5.648
2025-10-23 15:07:59,38,74,0,1015.689,72.975,37,116,4292,0,0,0.959,4.635
2025-10-23 15:08:01,39,76,0,1011.382,68.595,38,116,4408,0,0,1.013,4.5
2025-10-23 15:08:03,39,75,0,1009.547,75.252,37.5,116,4350,0,0,1.093,4.933
2025-10-23 15:08:05,39,82,0,995.244,72.559,41,116,4756,0,0,1.183,5.024
2025-10-23 15:08:07,39,76,0,1002.184,72.602,38,116,4408,0,0,1.105,5
2025-10-23 15:08:09,39,77,0,1006.169,67.749,38.5,116,4466,0,0,0.961,4.156
2025-10-23 15:08:11,39,77,0,1013.545,68.075,38.5,116,4466,0,0,1.065,5.104
2025-10-23 15:08:14,39,79,0,1010.671,63.167,39.5,116,4582,0,0,1.076,4.861
2025-10-23 15:08:16,39,80,0,993.812,60.061,40,116,4640,0,0,1.1,5.025
2025-10-23 15:08:18,39,76,0,999.868,67.605,38,116,4408,0,0,0.987,4.908
2025-10-23 15:08:20,42,78,0,997.564,67.727,39,116,4524,0,0,0.897,4.282
2025-10-23 15:08:22,42,86,0,988.198,65.437,43,116,4988,0,0,1.012,4.651
2025-10-23 15:08:24,42,82,0,998.793,70.46,41,116,4756,0,0,1.049,4.524
2025-10-23 15:08:26,42,83,0,991.386,65.669,41.5,116,4814,0,0,1.012,4.687
2025-10-23 15:08:28,42,82,0,1013.939,63.839,41,116,4756,0,0,1.061,5.085
2025-10-23 15:08:30,42,84,0,1004.845,62.747,42,115.964,4870.5,0,0,1.226,5.631
2025-10-23 15:08:32,42,88,0,1001.625,66.567,44,116,5104,0,0,1.216,5.727
2025-10-23 15:08:34,42,83,0,995.012,61.488,41.5,116,4814,0,0,1.145,5.301
2025-10-23 15:08:36,42,85,0,1012.012,71.894,42.5,116,4930,0,0,1.165,5.329
2025-10-23 15:08:38,42,85,0,999.047,72.068,42.5,116,4930,0,0,1.024,4.871
2025-10-23 15:08:40,45,84,0,1012.714,59.626,42,115.964,4870.5,0,0,1.226,5.56
2025-10-23 15:08:42,45,90,0,1000.589,67.71,45,116,5220,0,0,1.067,5.022
2025-10-23 15:08:44,45,88,0,1014.216,63.978,44,116,5104,0,0,0.989,4.67
2025-10-23 15:08:46,45,90,0,998.522,55.369,45,116,5220,0,0,0.956,4.5
2025-10-23 15:08:48,45,42,0,1004.238,70.294,21,116,2436,0,0,0.929,4.429
2025-10-23 15:08:50,45,90,0,1004.311,70.643,45,116,5220,0,0,1.211,5.256
2025-10-23 15:08:52,45,88,0,1015.523,60.82,44,116,5104,0,0,1.114,4.909
2025-10-23 15:08:54,45,91,0,1004.747,65.319,45.5,116,5278,0,0,1.143,4.945
2025-10-23 15:08:56,45,85,0,1010.153,65.466,42.5,116,4930,0,0,1.094,4.741
2025-10-23 15:08:58,45,96,0,1019.062,69.313,48,116,5568,0,0,1.083,4.906
2025-10-23 15:09:00,45,85,0,1016.518,74.149,42.5,116,4930,0,0,1.141,5
2025-10-23 15:09:02,48,92,0,1005.63,60.298,46,116,5336,0,0,1.174,5.228
2025-10-23 15:09:04,48,96,0,992.833,63.364,48,116,5568,0,0,1.052,4.646
2025-10-23 15:09:06,48,97,0,1004.68,68.468,48.5,116,5626,0,0,1.062,4.691
2025-10-23 15:09:08,48,95,0,1006.779,65.84,47.5,116,5510,0,0,0.947,4.284
2025-10-23 15:09:10,48,97,0,993.165,65.469,48.5,116,5626,0,0,0.959,4.175
2025-10-23 15:09:12,48,96,0,1007.271,68.675,48,116,5568,0,0,1.042,4.135
2025-10-23 15:09:14,48,94,0,1001.904,63.488,47,116,5452,0,0,1.021,4.128
2025-10-23 15:09:16,48,100,0,1004.63,66.22,50,116,5800,0,0,1,3.99
2025-10-23 15:09:18,48,94,0,1009.649,71.891,47,116,5452,0,0,1,4.17
2025-10-23 15:09:20,48,93,0,1005.075,66.365,46.5,116,5394,0,0,1.022,4.183
2025-10-23 15:09:22,51,48,0,1008,57.064,24,116,2784,0,0,0.938,4.062
2025-10-23 15:09:24,51,105,0,997.324,68.953,52.5,115.971,6088.5,0,0,1.01,4
2025-10-23 15:09:26,51,99,0,1017.283,67.317,49.5,116,5742,0,0,1.02,4.02
2025-10-23 15:09:28,51,100,0,1014.15,70.766,50,116,5800,0,0,0.99,4.02
2025-10-23 15:09:30,51,102,0,1005.931,59.54,51,115.971,5914.5,0,0,1,3.863
2025-10-23 15:09:32,51,101,0,1003.812,60.352,50.5,116,5858,0,0,0.97,4.01
2025-10-23 15:09:34,51,99,0,1000.111,69.871,49.5,116,5742,0,0,1.081,4.374
2025-10-23 15:09:36,51,102,0,1000.216,67.299,51,116,5916,0,0,1.069,4.402
2025-10-23 15:09:38,51,102,0,995.01,62.96,51,116,5916,0,0,0.882,4.059
2025-10-23 15:09:40,51,101,0,997.921,59.151,50.5,116,5858,0,0,1.03,4.238
2025-10-23 15:09:42,54,103,0,1008.757,61.051,51.5,116,5974,0,0,1.097,4.379
2025-10-23 15:09:44,54,109,0,1005.514,64.699,54.5,115.972,6320.5,0,0,0.972,4.128
2025-10-23 15:09:46,54,107,0,1002.196,71.469,53.5,116,6206,0,0,0.991,4.28
2025-10-23 15:09:48,54,106,0,993.745,64.535,53,116,6148,0,0,1.094,4.547
2025-10-23 15:09:50,54,111,0,1004.532,65.75,55.5,115.973,6436.5,0,0,1.117,5.081
2025-10-23 15:09:52,54,105,0,1008.629,59.85,52.5,116,6090,0,0,1.105,4.971
2025-10-23 15:09:55,54,87,0,1006.172,70.201,43.5,116,5046,0,0,1.333,5.356
2025-10-23 15:09:57,54,106,0,1003.142,64.208,53,116,6148,0,0,1.094,4.726
2025-10-23 15:09:59,54,107,0,1014.981,69.97,53.5,116,6206,0,0,1.084,4.486
2025-10-23 15:10:01,54,110,0,995.173,66.265,55,116,6380,0,0,1.1,4.509
2025-10-23 15:10:03,57,107,0,997.514,64.295,53.5,115.972,6204.5,0,0,1.047,4.636
2025-10-23 15:10:05,57,111,0,1011.27,73.087,55.5,116,6438,0,0,1.135,4.802
2025-10-23 15:10:07,57,113,0,1003.823,66.103,56.5,116,6554,0,0,1.133,4.779
2025-10-23 15:10:09,57,113,0,999.31,67.128,56.5,116,6554,0,0,1.106,4.655
2025-10-23 15:10:11,57,112,0,1015.045,71.618,56,116,6496,0,0,1.071,4.732
2025-10-23 15:10:13,57,113,0,1003.973,70.269,56.5,116,6554,0,0,1.106,4.69
2025-10-23 15:10:15,57,113,0,1016.69,59.607,56.5,116,6554,0,0,1.159,4.823
2025-10-23 15:10:17,57,113,0,1000.513,65.466,56.5,116,6554,0,0,1.115,4.566
2025-10-23 15:10:19,57,112,0,1006.652,63.641,56,116,6496,0,0,1.08,4.696
2025-10-23 15:10:21,57,115,0,1000.026,64.68,57.5,115.974,6668.5,0,0,1.243,5.157
2025-10-23 15:10:23,60,116,0,995.19,68.023,58,116,6728,0,0,1.19,5.336
2025-10-23 15:10:25,60,123,0,991.886,64.069,61.5,116,7134,0,0,1.13,5.691
2025-10-23 15:10:27,60,119,0,999.462,61.268,59.5,116,6902,0,0,1.227,5.168
2025-10-23 15:10:29,60,63,0,995.635,77.482,31.5,116,3654,0,0,1.143,44.365
2025-10-23 15:10:31,60,117,0,1004.855,67.263,58.5,116,6786,0,0,1.188,4.838
2025-10-23 15:10:33,60,120,0,1010.942,68.257,60,116,6960,0,0,1.2,4.817
2025-10-23 15:10:35,60,118,0,1004.517,67.555,59,116,6844,0,0,1.127,4.678
2025-10-23 15:10:37,60,118,0,1016.992,63.509,59,116,6844,0,0,0.992,4.415
2025-10-23 15:10:39,60,120,0,1013.45,59.276,60,116,6960,0,0,1.208,4.608
2025-10-23 15:10:41,60,118,0,1005.712,67.649,59,115.975,6842.5,0,0,1.059,4.415
2025-10-23 15:10:43,60,118,0,1017.347,65.313,59,116,6844,0,0,0.941,4.28
2025-10-23 15:10:45,63,123,0,1007.098,71.013,61.5,116,7134,0,0,1.187,5.016
2025-10-23 15:10:47,63,122,0,1000.689,63.552,61,116,7076,0,0,1.082,4.82
2025-10-23 15:10:49,63,128,0,1005.102,70.395,64,116,7424,0,0,1.125,4.797
2025-10-23 15:10:51,63,123,0,1012.837,68.08,61.5,116,7134,0,0,1.114,4.74
2025-10-23 15:10:53,63,129,0,1004.705,56.321,64.5,116,7482,0,0,1.256,4.969
2025-10-23 15:10:55,63,126,0,997.103,63.087,63,116,7308,0,0,1.143,4.746
2025-10-23 15:10:57,63,123,0,1009.724,67.796,61.5,115.976,7132.5,0,0,1.13,4.984
2025-10-23 15:10:59,63,126,0,1003.008,71.693,63,115.976,7306.5,0,0,1.317,5.357
2025-10-23 15:11:01,63,124,0,1013.653,63.252,62,116,7192,0,0,1.234,5.258
2025-10-23 15:11:03,63,28,0,1019.929,71.159,14,116,1624,0,0,1.214,5.214
2025-10-23 15:11:05,63,126,0,997.246,64.233,63,115.976,7306.5,0,0,1.198,4.897
2025-10-23 15:11:07,66,131,0,1004.435,59.682,65.5,116,7598,0,0,1.069,4.641
2025-10-23 15:11:09,66,134,0,995.769,61.228,67,116,7772,0,0,1.075,4.291
2025-10-23 15:11:11,66,127,0,1002.22,62.992,63.5,116,7366,0,0,1.031,4.693
2025-10-23 15:11:13,66,133,0,1002.414,58.895,66.5,116,7714,0,0,1.226,5.068
2025-10-23 15:11:15,66,135,0,997.889,68.107,67.5,116,7830,0,0,1.17,4.689
2025-10-23 15:11:17,66,132,0,994.242,62.778,66,116,7656,0,0,1.159,5.015
2025-10-23 15:11:19,66,131,0,1011.046,62.518,65.5,116,7598,0,0,1.168,5.008
2025-10-23 15:11:21,66,130,0,1003.492,57.866,65,116,7540,0,0,1.092,4.654
2025-10-23 15:11:23,66,133,0,1001.278,63.578,66.5,116,7714,0,0,1.158,4.752
2025-10-23 15:11:25,66,130,0,998.054,59.044,65,116,7540,0,0,1.146,4.962
2025-10-23 15:11:27,69,140,0,1000.7,67.288,70,115.979,8118.5,0,0,1.114,4.757
2025-10-23 15:11:29,69,133,0,1004.707,64.833,66.5,115.977,7712.5,0,0,1.15,4.662
2025-10-23 15:11:31,69,133,0,1013.421,62.783,66.5,116,7714,0,0,1.15,4.677
2025-10-23 15:11:33,69,140,0,1002.657,67.879,70,116,8120,0,0,1.093,4.357
2025-10-23 15:11:36,69,139,0,1007.827,64.929,69.5,116,8062,0,0,1.079,4.849
2025-10-23 15:11:38,69,140,0,1004.779,68.486,70,116,8120,0,0,1.186,5.364
2025-10-23 15:11:40,69,134,0,1001.067,65.234,67,116,7772,0,0,1.09,4.799
2025-10-23 15:11:42,69,138,0,1010.196,58.12,69,116,8004,0,0,0.949,4.123
2025-10-23 15:11:44,69,138,0,1008.609,63.361,69,116,8004,0,0,0.978,4.507
2025-10-23 15:11:46,69,135,0,1003.259,69.576,67.5,116,7830,0,0,1.081,4.881
2025-10-23 15:11:48,72,146,0,1000.877,74.314,73,116,8468,0,0,1.014,4.589
2025-10-23 15:11:50,72,145,0,1004.738,63.188,72.5,116,8410,0,0,1.083,4.876
2025-10-23 15:11:52,72,140,0,1004.636,67.38,70,116,8120,0,0,1.079,4.714
2025-10-23 15:11:54,72,141,0,1008.603,69.153,70.5,116,8178,0,0,1.071,4.766
2025-10-23 15:11:56,72,146,0,1003.377,60.538,73,116,8468,0,0,1.103,4.966
2025-10-23 15:11:58,72,142,0,1000.986,67.675,71,116,8236,0,0,1.12,5.085
2025-10-23 15:12:00,72,144,0,1003.285,64.847,72,116,8352,0,0,1.083,4.681
2025-10-23 15:12:02,72,141,0,1015.078,69.196,70.5,116,8178,0,0,1.021,4.553
2025-10-23 15:12:04,72,144,0,1015.528,66.795,72,115.979,8350.5,0,0,0.993,4.132
2025-10-23 15:12:06,72,144,0,1003.708,72.367,72,116,8352,0,0,1.09,4.854
2025-10-23 15:12:08,75,142,0,1008.43,62.474,71,116,8236,0,0,1.092,5.296
2025-10-23 15:12:10,75,77,0,1006.636,65.002,38.5,115.922,4463,0,0,16.831,20.481
2025-10-23 15:12:12,75,150,0,1008.327,65.242,75,116,8700,0,0,1,4.613
2025-10-23 15:12:14,75,148,0,1002.169,63.977,74,116,8584,0,0,0.959,4.358
2025-10-23 15:12:16,75,153,0,994.523,66.957,76.5,115.98,8872.5,0,0,1.039,4.601
2025-10-23 15:12:18,75,146,0,1014.705,59.986,73,116,8468,0,0,1.062,4.555
2025-10-23 15:12:20,75,153,0,1006.654,59.95,76.5,116,8874,0,0,1.078,4.667
2025-10-23 15:12:22,75,149,0,1011.55,65.488,74.5,116,8642,0,0,1.034,4.591
2025-10-23 15:12:24,75,146,0,998.39,60.729,73,116,8468,0,0,0.952,4.075
2025-10-23 15:12:26,75,152,0,1004.079,67.368,76,116,8816,0,0,0.974,4.368
2025-10-23 15:12:28,78,148,0,995.493,65.604,74,116,8584,0,0,0.966,4.486
2025-10-23 15:12:30,78,157,0,1006.688,65.335,78.5,116,9106,0,0,1.006,4.694
2025-10-23 15:12:32,78,152,0,1000.447,64.157,76,116,8816,0,0,1.086,4.697
2025-10-23 15:12:34,78,156,0,1009.776,64.932,78,116,9048,0,0,1.09,4.949
2025-10-23 15:12:36,78,158,0,1012.696,67.96,79,116,9164,0,0,1,4.759
2025-10-23 15:12:38,78,156,0,1004.083,64.766,78,116,9048,0,0,0.878,4.128
2025-10-23 15:12:40,78,155,0,1008.665,63.103,77.5,116,8990,0,0,0.935,4.432
2025-10-23 15:12:42,78,153,0,1012.412,64.096,76.5,116,8874,0,0,1.026,4.915
2025-10-23 15:12:44,78,36,0,1009.389,52.624,18,116,2088,0,0,1.111,5.139
2025-10-23 15:12:46,78,153,0,1000.111,59.785,76.5,115.98,8872.5,0,0,1.19,5.412
2025-10-23 15:12:48,78,154,0,1004.864,65.113,77,116,8932,0,0,1.123,5.195
2025-10-23 15:12:50,81,160,0,1007.756,63.49,80,116,9280,0,0,1.15,5.225
2025-10-23 15:12:52,81,164,0,1002.872,69.387,82,116,9512,0,0,1.165,5.646
2025-10-23 15:12:54,81,160,0,1005.931,68.572,80,116,9280,0,0,0.975,4.606
2025-10-23 15:12:56,81,161,0,1002.658,66.144,80.5,116,9338,0,0,0.963,4.646
2025-10-23 15:12:58,81,165,0,994.721,64.889,82.5,116,9570,0,0,1.012,4.679
2025-10-23 15:13:00,81,163,0,1003.239,65.728,81.5,116,9454,0,0,1.006,4.693
2025-10-23 15:13:02,81,161,0,1013.137,64.366,80.5,116,9338,0,0,1.019,5.509
2025-10-23 15:13:04,81,158,0,1006.032,60.939,79,116,9164,0,0,0.994,4.987
2025-10-23 15:13:06,81,163,0,1009.38,59.85,81.5,116,9454,0,0,0.926,4.515
2025-10-23 15:13:09,81,162,0,1006.5,66.957,81,116,9396,0,0,0.914,4.432
2025-10-23 15:13:11,84,159,0,999.119,64.309,79.5,116,9222,0,0,0.918,4.333
2025-10-23 15:13:13,84,167,0,1012.491,67.215,83.5,116,9686,0,0,0.904,4.12
2025-10-23 15:13:15,84,169,0,1004.391,74.83,84.5,116,9802,0,0,0.828,3.953
2025-10-23 15:13:18,84,165,0,1003.145,65.18,82.5,116,9570,0,0,0.958,4.182
2025-10-23 15:13:20,84,165,0,1007.661,63.817,82.5,116,9570,0,0,0.958,12.121
2025-10-23 15:13:22,84,168,0,1010.077,69.576,84,116,9744,0,0,0.94,4.506
2025-10-23 15:13:24,84,171,0,1002.883,58.96,85.5,116,9918,0,0,0.877,3.971
2025-10-23 15:13:26,84,172,0,1003.035,70.74,86,116,9976,0,0,0.919,4.314
2025-10-23 15:13:28,84,162,0,999.204,60.295,81,116,9396,0,0,0.889,4.043
2025-10-23 15:13:30,84,169,0,1012.254,69.905,84.5,116,9802,0,0,0.929,4.396
2025-10-23 15:13:32,87,166,0,1011.53,64.327,83,116,9628,0,0,0.922,4.096
2025-10-23 15:13:34,87,172,0,1005.849,65.861,86,116,9976,0,0,0.913,4.006
2025-10-23 15:13:36,87,173,0,1017.879,65.799,86.5,116,10034,0,0,0.954,3.988
2025-10-23 15:13:38,87,172,0,1009.535,71.205,86,116,9976,0,0,0.965,4.465
2025-10-23 15:13:40,87,173,0,1008.139,67.739,86.5,116,10034,0,0,1.052,6.382
2025-10-23 15:13:42,87,175,0,1000.171,69.398,87.5,116,10150,0,0,0.937,4.446
2025-10-23 15:13:44,87,168,0,1005.994,66.996,84,116,9744,0,0,0.869,3.988
2025-10-23 15:13:46,87,177,0,999.718,72.531,88.5,116,10266,0,0,0.927,4.345
2025-10-23 15:13:48,87,176,0,998.068,67.43,88,116,10208,0,0,0.875,3.773
2025-10-23 15:13:50,87,174,0,995.086,60.994,87,116,10092,0,0,0.833,4.086
2025-10-23 15:13:52,87,88,0,1012.057,63.359,44,116,5104,0,0,14.295,31.045
2025-10-23 15:13:54,90,179,0,994.81,67.264,89.5,116,10382,0,0,0.933,4.352
2025-10-23 15:13:56,90,175,0,1003.4,65.972,87.5,116,10150,0,0,0.926,4.177
2025-10-23 15:13:58,90,179,0,1002.547,68.136,89.5,116,10382,0,0,0.849,3.771
2025-10-23 15:14:00,90,183,0,1011.962,66.799,91.5,116,10614,0,0,0.913,4.503
2025-10-23 15:14:02,90,178,0,1008.393,67.641,89,116,10324,0,0,0.904,4.174
2025-10-23 15:14:04,90,178,0,1011.601,58.82,89,116,10324,0,0,0.899,4.056
2025-10-23 15:14:06,90,180,0,1006.039,57.074,90,116,10440,0,0,0.878,4.1
2025-10-23 15:14:08,90,179,0,999.391,66.637,89.5,115.983,10380.5,0,0,0.877,4.039
2025-10-23 15:14:10,90,180,0,1002.728,65.922,90,116,10440,0,0,0.839,4.122
2025-10-23 15:14:12,91,180,0,1004.522,63.233,90,116,10440,0,0,0.722,3.578
2025-10-23 15:14:14,93,183,0,1003.087,66.017,91.5,116,10614,0,0,0.913,4.262
2025-10-23 15:14:16,93,184,0,1006.913,67.631,92,115.984,10670.5,0,0,0.935,4.065
2025-10-23 15:14:18,93,186,0,999.769,67.478,93,115.984,10786.5,0,0,0.882,4.108
2025-10-23 15:14:20,93,185,0,1001.573,65.854,92.5,116,10730,0,0,0.935,4.13
2025-10-23 15:14:22,93,186,0,1005.425,61.859,93,115.984,10786.5,0,0,0.806,3.839
2025-10-23 15:14:25,93,183,0,1004.842,65.167,91.5,115.984,10612.5,0,0,0.858,4.191
2025-10-23 15:14:27,93,189,0,999.074,70.408,94.5,116,10962,0,0,0.889,5.471
2025-10-23 15:14:29,93,183,0,1002.426,63.719,91.5,116,10614,0,0,0.836,4.066
2025-10-23 15:14:31,93,193,0,1001.917,65.571,96.5,116,11194,0,0,0.803,3.855
2025-10-23 15:14:33,96,182,0,1009.198,68.341,91,116,10556,0,0,0.824,3.709
2025-10-23 15:14:35,96,190,0,1004.111,63.618,95,116,11020,0,0,0.863,3.895
2025-10-23 15:14:37,96,189,0,1008.974,62.4,94.5,116,10962,0,0,0.899,4.159
2025-10-23 15:14:39,96,195,0,1000.169,69.061,97.5,116,11310,0,0,0.718,3.226
2025-10-23 15:14:41,96,130,0,997.146,61.318,65,116,7540,0,0,0.8,3.977
